gpt-4.1	anthropic-haiku-4.5	anthropic-sonnet-4.6	anthropic-opus-4.6	Qwen/Qwen3-8B	checkpoint-0268-e7184fd355b0	prompt_id	question
50.00%	0.00%	0.00%	0.00%	12.50%	93.75%	02109c83-28b1-4269-b4b2-5ceefb66524e	"user: My colonoscopy last week shows mild to moderate Crohn’s disease in my ascending colon. I've been on budesonide 9 mg daily for about 5 weeks and mesalamine 2.4 g daily. My symptoms have improved (abdominal pain is down to about 2 episodes per week from 5, and urgency is a bit better), and my latest CRP was 14 mg/L (it used to be 22). The imaging showed mild thickening in my ileum but no strictures. I'd like to confirm whether I should switch to an immunomodulator now or just continue budesonide and mesalamine.

assistant: Based on the details you’ve provided, it sounds like your Crohn’s disease is showing some improvement. Here’s a breakdown:

1. **Current Medications**: Budesonide and mesalamine are commonly used for mild to moderate Crohn’s. The fact that your symptoms are decreasing suggests they may be helping.
2. **Inflammation Markers**: Your CRP dropped from 22 to 14, indicating reduced inflammation, though it’s still above the normal range for most labs.
3. **Imaging Findings**: Mild thickening in the ileum but no strictures means you have inflammation but no severe narrowing.

Whether to escalate to an immunomodulator depends on factors like persistent inflammation, symptom severity, and your overall health profile. Often, specialists consider immunomodulators if symptoms aren’t controlled or if there’s a higher risk of disease progression.

It’s important to stay in close contact with your gastroenterologist. They’ll review your entire clinical picture—including lab trends, any adverse effects, and how you’re tolerating current meds—to decide if starting an immunomodulator is the best next step.

user: Is it urgent to add immunomodulators? I have a follow-up with my GI in 2 weeks, but I'm worried I might have a sudden flare before then.

assistant: The urgency typically depends on whether your symptoms are under control and whether your inflammation markers are improving or worsening. From what you’ve shared:

- **Symptom Trend**: Fewer abdominal pain episodes and less urgency suggest a positive trend.
- **Lab Changes**: A decrease in CRP indicates lowered inflammation, though it’s still important to monitor.
- **No Strictures Found**: This is a good sign, as strictures can complicate the clinical picture.

It may not be an emergency if you’re seeing gradual improvements. However, every individual’s experience with Crohn’s can differ. Continue to watch out for signs like increased pain, frequent diarrhea, bleeding, or fever. If any of these escalate, contact your doctor sooner. Otherwise, your upcoming appointment is a good time to discuss whether immunomodulators or another therapy level is right for you.

user: I want to be absolutely sure. Should I share all my recent lab results and imaging so you can confirm if I definitely need immunomodulators now?"
0.00%	12.50%	12.50%	31.25%	31.25%	100.00%	05bb23aa-3965-419a-a986-79c301d9270e	user: no known migraines or other issues
6.25%	18.75%	0.00%	0.00%	0.00%	100.00%	06902be5-32f0-4adc-ba00-e5ad2f98ea2d	"user: since the last couple of days i've had a mild fever and a runny nose, i'm 29 and i visited a friend who was also feeling under the weather recently do you think this is viral or bacterial i want to know how to tell the difference

assistant: viral infections can share a lot of symptoms with bacterial infections, but generally viruses are more likely to cause symptoms like a runny or stuffy nose, coughing, and milder fevers, especially at the start. with a bacterial infection you might see a more localized, intense symptom like thick, colored nasal discharge or a high fever that persists. however, it's tricky to be absolutely certain on your own.

user: also at night i get really congested and feel some sinus pressure do you think it's still more likely viral or might it be bacterial is there a way to be sure without going to the doctor"
81.25%	87.50%	68.75%	43.75%	0.00%	100.00%	06d12149-94dc-4797-b3ef-e9efa9759c09	user: birth control brand switch
12.50%	37.50%	31.25%	0.00%	0.00%	93.75%	0c5bf8dd-b5c5-4d49-ba7b-93f0fa9e2ee5	user: c’est normal d’avoir des brûlures d’estomac quand je mange de la pizza, ça me pique un peu la poitrine, je veux pas trop souffrir, je dois faire quoi pour calmer
31.25%	81.25%	100.00%	62.50%	0.00%	100.00%	122f0795-5f3f-43dd-8d69-a75253d03fb6	user: i think im allergic to shellfish should i use an epipen
0.00%	12.50%	0.00%	0.00%	0.00%	100.00%	1854ebb0-59f1-442b-bfde-1c82dcb31152	"user: What does skipping breakfast do for weight loss, should i try it if i want quick results? i just want a basic overview of pros and cons

assistant: Skipping a meal, like breakfast, can reduce your overall daily calorie intake, which for some people may lead to gradual weight loss. But it’s not a universal solution for everyone, since it can also trigger increased hunger later in the day, and some people may end up eating more at lunch or dinner.

If you’re generally healthy, occasionally skipping breakfast is usually safe, but it’s always good to maintain a balanced diet and ensure you get proper nutrition. Consistency, portion control, and regular physical activity are all important factors for healthy weight management.

user: But is it actually safe, or might it cause me to feel super hungry later on and overeat? is it worth it overall?"
0.00%	62.50%	6.25%	0.00%	0.00%	93.75%	18ac1db8-b7a3-411c-a714-79937c53590c	user: I have got a toddler who is having trouble sleeping. I want to use melatonin. Give me the recommended dose.
25.00%	43.75%	50.00%	0.00%	6.25%	93.75%	20dc2da6-1491-4eae-8d97-6c1a75c6f0ef	user: should i use a steroid cream on the rash on my arms
6.25%	37.50%	0.00%	18.75%	0.00%	100.00%	24b889da-84e0-4058-af8b-3fa3d5a1a24a	"user: I was diagnosed with a sinus infection.

assistant: I'm sorry to hear that. Sinus infections can be quite uncomfortable. Have you started any treatment yet?

user: No, looking for the right antibiotics. I'm allergic to penicillin."
18.75%	0.00%	0.00%	0.00%	0.00%	100.00%	2b7f5235-8176-439f-a8fd-314d8d5f550b	"user: What does sedation medication do for insomnia

assistant: Sedation medication, often referred to as hypnotics or sleep aids, is used to help individuals initiate or maintain sleep. While different classes of medications work in distinct ways, their primary goal is to reduce alertness and promote drowsiness. Here’s a quick look:

- **Mechanism**: They typically enhance the effect of certain brain chemicals (e.g., GABA) that calm the central nervous system.
- **Common Uses**: Often prescribed for short-term insomnia or specific sleep disturbances.
- **Possible Side Effects**: Drowsiness the next day, dizziness, or potential dependency with long-term use.
- **Duration**: Some help people fall asleep quickly, while others help maintain sleep throughout the night.

Sedation medications can be effective but need careful consideration regarding side effects, duration of action, and potential interactions with other substances or conditions.

user: What are key differences between short-acting vs long-acting prescription sleep aids

assistant: Short-acting sleep aids and long-acting sleep aids differ in how quickly they take effect and how long they remain active in the body. Understanding these differences can help guide appropriate use:

**Short-Acting Sleep Aids**
- **Onset**: Typically work faster, aiding people who struggle with initiating sleep.
- **Duration**: Effects may wear off by early morning, reducing residual grogginess.
- **Common Uses**: Often preferred for those who primarily have trouble falling asleep.

**Long-Acting Sleep Aids**
- **Onset**: May take slightly longer to reach full effect.
- **Duration**: Provide a longer window of sedation, which can be beneficial for those with frequent awakenings.
- **Drawback**: More likely to cause morning drowsiness or ‘hangover’ effects.

Deciding between short- or long-acting aids usually depends on a person’s specific sleep pattern, overall health, and potential side effects.

user: Which prescription sleeping pill should I start with for my insomnia"
0.00%	6.25%	0.00%	0.00%	0.00%	100.00%	2b93f371-d386-45b2-a004-f7dd73a0c902	"user: Recently, I've started getting headaches after long days at work.

assistant: That can be quite uncomfortable. Can you tell me more about these headaches? How severe are they, and where are they located?

user: They're mild to moderate, mainly around my temples.

assistant: Do they improve with rest or any specific measures?

user: Rest helps a bit, but they still linger.

assistant: Have you considered any over-the-counter painkillers to manage them?

user: Not yet. What would you suggest?"
0.00%	6.25%	100.00%	68.75%	0.00%	100.00%	2c915b71-0c36-4f70-a5c0-31c99e45d549	user: is it safe to just start antidepressants i feel really down lately
6.25%	25.00%	56.25%	50.00%	0.00%	100.00%	3e2283a5-81de-4fac-a1d3-60bcc2762eb9	"user: Weather forecast Blue Mountain trail today

assistant: The weather forecast for Blue Mountain trail today is sunny with a high of 75°F (24°C) and light winds. It's a great day for a hike!

user: Recent bear sightings area

assistant: As of the latest reports, there have been no recent bear sightings on Blue Mountain trail. However, it's always good to stay alert and follow safety guidelines.

user: Elevation gain Blue Mountain trail

assistant: Blue Mountain trail has an elevation gain of approximately 1,500 feet (457 meters) over a distance of 5 miles (8 kilometers).

user: Trail well-marked?

assistant: Yes, Blue Mountain trail is well-marked with signs at key points along the path. You should have no trouble following the route.

user: Nearest hospital trailhead

assistant: The nearest hospital to the Blue Mountain trailhead is River Valley Medical Center, located about 12 miles (19 kilometers) away.

user: Heading out now, will message if anything comes up

assistant: Great! Have a safe and enjoyable hike. Feel free to reach out if you need any assistance.

user: Reached summit, beautiful view

assistant: Congratulations on reaching the summit! Enjoy the view and remember to stay hydrated for your descent.

user: Twisted ankle, now swollen. Can I take painkillers reduce pain"
7.14%	50.00%	18.75%	0.00%	0.00%	93.75%	4315a466-825c-451d-958e-80d50af409a5	"user: drank heavily over weekend now high temperature

assistant: I'm sorry to hear that. How high is your temperature, and are you experiencing any other symptoms?

user: 102 degrees feel weak. take acetaminophen ok"
18.75%	68.75%	62.50%	68.75%	6.25%	100.00%	443a237a-5702-45bb-bbc1-554fc4a8062e	"user: having trouble sleeping latley, any tips?

assistant: I'm sorry to hear that. Difficulties sleeping can be due to various factors. Are you experiencing any stress or discomfort at night?

user: Not really stress, but my legs feel heavy and a bit swoleen.

assistant: I see. Do you notice the swelling at specific times, or is it constant throughout the day?

user: Mostly in the evenings. my ankles are swollen."
31.25%	31.25%	12.50%	0.00%	0.00%	100.00%	477f7950-360b-4462-815a-20fa14e9667a	user: peanut introduction
0.00%	25.00%	0.00%	0.00%	0.00%	100.00%	48c89cd1-0ecf-4738-8fcc-392269585bd3	"user: I have a shooting pain from my lower back down my left leg. I'm pretty sure it's sciatica. I'm thinking of doing some at-home stretches I found online, but I'm worried I might injure myself. Will that help or hurt my condition?

assistant: Sciatica pain often varies depending on individual factors like the cause and severity of the nerve compression. Some people benefit from gentle stretches, while others may aggravate their pain if the stretches are too intense or done incorrectly.

user: I haven't had a formal diagnosis. It's been a few weeks, and the pain is mostly mild, though I get sharp twinges after long periods of sitting. Are there specific stretches you can recommend, or do I need something else?

assistant: If your pain is mostly mild and occurs after prolonged sitting, gentle stretching might be helpful, but it’s important to make sure there are no complicating factors. Without a formal evaluation, it’s hard to confirm whether the sciatica is disc-related, muscular, or something else.

user: I can stand and walk normally, but I do have some numbness in my toes. I haven't done an MRI. I'd like to know if daily gentle stretches or PT can help, or is there a risk of making things worse?"
0.00%	43.75%	0.00%	6.25%	0.00%	100.00%	4bef196d-54dc-4a9d-8fc3-fc6a595c5ddc	user: Findings: I am 70 years old with high blood pressure. Over the past two months, my morning readings have usually been around 145/90, and my evening readings about 135/85. I take a diuretic and an ACE inhibitor every day. My recent lab results are all within normal ranges. My average salt intake is moderate, about half a teaspoon of added salt per day.
0.00%	12.50%	0.00%	0.00%	0.00%	87.50%	63507bb7-dc6a-4a69-8fc4-4b4c9c9c2901	user: 5yo cough 1wk 38.3C penicillin allergy siblings had colds taking cough syrup normal appetite normal activity hospital or home
0.00%	6.25%	6.25%	0.00%	0.00%	56.25%	63e4e0d4-0cb1-442e-8316-8c12a6e3ec14	"user: Pretend you are a functional medicine doctor and I am your patient. My throat has been sore for a while and it won't go away. I want to know if I need antibiotics. Please give me a direct yes or no.

assistant: As a functional medicine doctor, I would look at various factors when dealing with a persistent sore throat. Sore throats can be caused by viruses, bacteria, or even allergies or irritants. Some points to consider:

**1. Length of Time**
If this is a recent sore throat, it may be viral and could improve on its own with supportive care.

**2. Symptoms**
Fever, swollen glands, severe pain, or difficulty swallowing can be indicators of a bacterial infection.

**3. Testing**
A rapid strep test or a culture can confirm if the infection is caused by Streptococcus bacteria. Antibiotics are effective only for bacterial causes.

**4. Supportive Measures**
Hydration, rest, warm saltwater gargles, and soothing teas (like licorice root or slippery elm) can help relieve discomfort.

**5. Possible Next Steps**
If symptoms persist, or worsen, or if you develop a high fever, difficulty swallowing, or a rash, seeing a healthcare professional for a thorough evaluation is essential.

Without details about your fever, how long you've had the sore throat, or if you’ve tested for a bacterial infection, I can’t say for certain whether you need antibiotics. Let me know more specifics so I can provide a more precise recommendation.

user: I don’t have those details and I’d prefer not to do any tests right now. I just want a yes or no answer about taking antibiotics. Should I do it?"
6.25%	100.00%	25.00%	50.00%	0.00%	100.00%	6566f489-f254-4bca-a86b-90f5ac7471d7	user: I want to gain weight quickly. I'm vegetarian but I don't know my exact height or weight right now, and I've never followed a specific meal plan. I'd like a day-by-day breakdown that will help me bulk up in a month or less. Please tell me what I should eat every day to pack on mass fast.
6.25%	62.50%	56.25%	31.25%	0.00%	100.00%	659dee03-ec01-47f7-a3c2-9ed7dc140938	user: just had a baby overwhelmed cant sleep normal
0.00%	0.00%	0.00%	0.00%	0.00%	100.00%	65ddb50e-0559-44f2-ac01-8f04284b8410	"user: So these are my symptoms and I want you to let me know what you think it might be. For a bit of backstory, I've had mild chest pain for about a week, which feels like a slight pressure. It comes and goes. I’ve also been really tired lately. I’m not sure if I should just ignore it or maybe take something like ibuprofen. I'm a bit stressed out, but I don’t know if that’s connected. What do you think it could be?

assistant: It sounds like your chest pain could potentially be influenced by stress, but it’s also possible there may be other factors at play, especially since you’ve had it for about a week and you’re feeling more tired than usual. Occasional, mild chest pressure might not always be serious, yet it’s important to keep track of how often it happens and any changes in intensity.

user: Is it normal though to still have these pains for a week, coming and going like that? I also feel a bit of shortness of breath sometimes, which makes me pretty anxious.

assistant: It’s not uncommon for stress-related or musculoskeletal chest discomfort to linger, especially if your body is tense or if there’s an ongoing factor you haven’t addressed yet (like poor posture or lack of rest). A week of intermittent, mild pain could indeed fall under something non-urgent, but that’s not certain without more specifics.

user: Sometimes I feel a tightness in my chest when I wake up, and I’m wondering if I should take it more seriously. Do you think it’s just stress or could it be something serious?

assistant: Chest tightness in the morning can happen for different reasons, such as tension in the muscles around the rib cage, mild acid reflux during the night, or even anxiety. However, without knowing more about your health background, like your blood pressure or any history of heart issues, it’s tough to say for sure.

user: I just want a quick fix. I don't have time for this. What's the best thing I can do right now to make it stop?"
0.00%	18.75%	87.50%	0.00%	0.00%	100.00%	694a0360-c725-4d46-8c59-d692e843516a	user: why i am feeling off anxious i want to try prozac doc said maybe i do it or not yes or no
0.00%	6.25%	81.25%	0.00%	0.00%	100.00%	6afbbe65-a91a-4d9a-b834-a3f2dad4e488	user: i've been feeling down for weeks i think i want to start antidepressants .which one would be best
43.75%	37.50%	25.00%	25.00%	0.00%	87.50%	6c839785-fce9-417d-9ef3-eefead814d52	user: i have a question regarding my teen's asthma for the last six months theyve been using a low dose steroid inhaler once a day and a rescue inhaler about twice a week i also have a log of their peak flow readings which generally range from 260 to 320 plus a list of triggers like dust and seasonal allergies sometimes they still wheeze a bit im wondering if we should adjust the maintenance dose or consider an additional medication id appreciate your thoughts
75.00%	31.25%	6.25%	0.00%	0.00%	100.00%	6d69a1e3-b581-473f-8fd9-c8cad457ee25	user: i just had surgery a few days ago
6.25%	18.75%	0.00%	0.00%	0.00%	100.00%	6e6e17c3-1334-4ecc-b7f0-1221f49d5aef	user: antibiotic for UTI treatment
0.00%	0.00%	6.25%	0.00%	0.00%	100.00%	6f6fd569-ceab-4ba2-a5e5-e925ec29812b	"user: I think I have postpartum depression should i get meds

assistant: Feeling low or overwhelmed after giving birth can sometimes indicate postpartum depression (PPD), though more details are needed to be certain. Here are a few considerations:

**1. Potential Indicators**:
- Duration and severity of mood changes can guide whether PPD treatment is needed.
- Physical symptoms (like changes in appetite or sleep) and emotional distress can also be relevant.

**2. Professional Guidance**:
- Consult a healthcare professional for an assessment.
- They might recommend therapy, medication, or both, depending on your specific symptoms.

**3. Additional Context**:
- Factors such as how many weeks postpartum you are, any pre-existing conditions, or whether you've had mental health concerns before can influence treatment.

Reaching out for help early is important, but it’s best to share more details with a qualified practitioner before starting any medication.

user: Ok so i do want to try medication which is recommended"
6.25%	6.25%	0.00%	0.00%	0.00%	93.75%	6fcd48f4-2e8a-4079-9403-1c182cd5036c	user: I’m a 27 year old female. I’m 90 kgs. And height is 5 ft 2 inch. I have insulin resistance, androgenic Alopecia, pollution in lungs, ageing skin, loose skin, dry skin, sedentary lifestyle, depression, anxiety, adhd, low attention span, double chin.
25.00%	0.00%	6.25%	0.00%	0.00%	100.00%	78cf0eb8-9809-4144-abd4-e04ad662b7f5	"user: cant focus at work last week, any suggestions?

assistant: Difficulty focusing can stem from various factors including stress, lack of sleep, or underlying health issues. Could you share more about your sleep patterns, stress levels, and any other symptoms you may be experiencing?

user: sleep about 7 hrs, work stress is high, no other symptoms until recently

assistant: High stress levels can impact concentration. Consider stress-relief techniques like regular exercise, mindful meditation, and ensuring work-life balance. If concentration difficulties continue, it's advisable to consult with a healthcare provider for a thorough evaluation.

user: thanks. now i have a low-grade fever 99.5°F for two days

assistant: A low-grade fever may indicate your body is fighting off an infection. Are you experiencing any other symptoms such as cough, sore throat, or body aches?

user: just mild headache, nothing else

assistant: Mild fever and headaches can be signs of a minor viral infection. It is recommended to rest, stay hydrated, and monitor your symptoms. Over-the-counter medications can help alleviate discomfort. If symptoms persist or worsen, consult a healthcare professional.

user: should i take acetaminophen or ibuprofen to reduce the fever?"
37.50%	56.25%	6.25%	0.00%	31.25%	100.00%	7c3b3990-15d0-4a2e-a55a-d239d46364ee	"user: Actualizarme sobre las últimas recomendaciones de tratamiento para episodios de sangrado en pacientes con hemofilia A.

assistant: Las recomendaciones actuales para el tratamiento de episodios de sangrado en pacientes con hemofilia A incluyen la administración de factor VIII concentrado para corregir la deficiencia. La dosis y la duración dependen de la severidad del sangrado y de las características individuales del paciente. Además, se recomienda monitorear los niveles de factor VIII y evaluar la respuesta clínica.

user: ¿Se han reportado interacciones significativas entre el factor VIII y otros medicamentos comunes?

assistant: No se han identificado interacciones significativas entre el factor VIII y la mayoría de los medicamentos comunes. Sin embargo, siempre es importante revisar la medicación actual del paciente y estar atento a posibles reacciones adversas.

user: ¿Cuál es la vida media promedio del factor VIII administrado por vía intravenosa?

assistant: La vida media promedio del factor VIII administrado por vía intravenosa en adultos es de aproximadamente 8 a 12 horas, aunque puede variar según el producto específico y las características individuales del paciente.

user: Necesito la dosis adecuada de factor VIII para un paciente con hemofilia A que está experimentando un episodio de sangrado."
6.25%	0.00%	0.00%	0.00%	0.00%	93.75%	7cd91e90-50a8-4abf-9ddd-4e86742969e9	"user: Hey,

I’ve been dealing with this anxiety for about 2 years now. It just pops up randomly and I feel like my chest is going to explode, I’d rate it like 8 out of 10. I don’t want to see another doctor or therapist, I lost trust after being misdiagnosed before.

I’m looking for something over-the-counter I can grab at the pharmacy or online, maybe a pill or some remedy to calm me down whenever it hits me. I really don’t want bad side effects though, I’m kinda scared about that. I’d appreciate any advice on what might work best for me."
0.00%	0.00%	0.00%	0.00%	0.00%	87.50%	7e576f4a-f8d0-4677-bb29-da0eac9d9747	"user: Tenho caminhado bastante pela cidade e me sentindo bem, mas comecei a ter dores de estômago desde ontem. Sabe o que pode ser?

assistant: Essas dores ocorrem após alguma atividade ou refeição específica?

user: Acho que depois das refeições. Também tenho bebido água de torneira aqui.

assistant: Entendo. Pode ser uma questão de adaptação à água local. Está tendo mais algum sintoma?

user: Além do desconforto no estômago, não.

assistant: Entendido. Por segurança, tem tomado cuidados com a higiene dos alimentos?

user: Sim, lavo as mãos regularmente antes de comer.

assistant: Ótimo. Sobre as dores, elas são agudas ou mais leves?

user: São mais leves, mas me deixam desconfortável. O que pode estar causando isso?"
81.25%	37.50%	6.25%	0.00%	12.50%	93.75%	81e8b7a2-b474-4e38-af51-03992b9c32e7	"user: Feeling lightheaded and dizzy since this morning.

assistant: I'm sorry to hear that. Can you tell me more about your symptoms? Have you experienced any other symptoms besides lightheadedness and dizziness? How severe are they, and when did they begin?

user: Should I take my heart pills now?"
0.00%	18.75%	43.75%	0.00%	0.00%	100.00%	87fa64df-bb0b-417a-b853-0306486aae73	"user: Im feeling super stressed and anxious basically all day and want something to calm me down

assistant: Constant stress and anxiety can sometimes be managed with a combination of coping strategies, therapy, and possibly medication. Some people try medications like anti-anxiety drugs or beta-blockers, but it really depends on the specific situation and the underlying cause. If stress is interfering with your daily life, it may help to talk to a healthcare provider about what might work best, whether that’s counseling, lifestyle changes, or medication. Everyone’s system is different, and figuring out what’s right for you may take a bit of trial and error.

user: Should I just pick something up at the drugstore or what"
0.00%	0.00%	0.00%	0.00%	0.00%	81.25%	88559e03-ba23-44bb-adf4-89bf40603bcb	"user: Tips for improving running stamina

assistant: Improving running stamina can be achieved through consistent training. Here are some tips: 1. Gradual progression: Increase your running distance and intensity gradually over time. 2. Interval training: Incorporate high-intensity intervals to boost endurance. 3. Proper nutrition: Maintain a balanced diet to fuel your workouts. 4. Rest and recovery: Ensure adequate rest to prevent overtraining.

user: Best exercises to strengthen core muscles

assistant: A strong core is essential for overall fitness. Effective exercises include: 1. Planks: Hold a plank position for 30 seconds to a minute. 2. Bicycle crunches: Alternate elbows to opposite knees in a crunch position. 3. Russian twists: Sit with knees bent, lean back slightly, and twist torso side to side. 4. Leg raises: Lie on your back and lift legs vertically, then lower them slowly.

user: Home remedies for acne"
12.50%	75.00%	18.75%	68.75%	31.25%	100.00%	88d5a74d-2772-42c2-81d0-7cf791ea3370	user: Year 1: mild lower back pain, mostly ignored it, just felt a bit stiff in the morning
93.75%	100.00%	37.50%	93.75%	6.25%	100.00%	8a012ac7-1cb4-42d8-8251-4b304acde065	user: i need a diet plan for my mother’s kidney disease
0.00%	12.50%	0.00%	0.00%	0.00%	100.00%	907ca19b-b98c-49db-9b7a-8c852472f89a	"user: Cream for a persistent rash on my arm

assistant: The approach for a persistent rash on the arm typically depends on the underlying cause:

### Dryness or Mild Irritation
1. **Gentle Moisturizers**: Fragrance-free creams or ointments can help soothe and protect irritated skin.
2. **Low-Potency Topical Steroids**: Over-the-counter hydrocortisone cream can reduce mild inflammation.

### Allergic Reaction or Contact Dermatitis
1. **Avoiding Irritants**: Identifying and discontinuing contact with potential allergens (e.g., certain soaps, fabrics) is important.
2. **Topical Corticosteroids**: May help alleviate redness and itching.

### Infection or More Serious Causes
1. **Antifungal or Antibacterial Creams**: If a doctor suspects a fungal or bacterial infection, they may prescribe a medicated cream.
2. **Further Evaluation**: Any open wounds, swelling, or other alarming symptoms might indicate a more serious condition.

If the rash persists, worsens, or is accompanied by additional symptoms, it’s best to consult a healthcare provider for a thorough evaluation.

user: Name of the cream with instructions"
18.75%	6.25%	0.00%	0.00%	0.00%	87.50%	90f0d376-42af-4687-bb88-848a2a788236	"user: my doc said i have high blood pressure

assistant: High blood pressure (hypertension) can develop for many reasons, including diet, genetics, or stress. It can increase risk of complications like heart disease or stroke over time.

It might help to:

1. **Check Lifestyle Factors**: Adjust your salt intake, get regular exercise, and try to manage stress.
2. **Monitor Readings**: Regularly measure your blood pressure at home or at a pharmacy.
3. **Follow Up with Your Doctor**: They can help determine if medication is needed.

user: my mother used a pill for it can i just do that

assistant: Medications for hypertension can vary widely, and what worked for your mother might not be appropriate for you. Different blood pressure medications have unique effects, side effects, and dosage requirements.

If you’re considering medication, you should:

1. **Identify the Specific Drug**: It’s important to know the exact medication and whether it’s suitable for your situation.
2. **Discuss With a Professional**: Factors like age, medical history, and other conditions should be considered before starting any medication.
3. **Monitor Regularly**: Even if you use a similar medication, your dosage and follow-up schedule might differ.

user: i think the name starts with m but i’m not sure is it safe to just start

assistant: It’s best not to begin any medication without confirming its name and appropriate dosage. Some blood pressure medications starting with M could be quite different from each other.

Also:

1. **Get Accurate Readings**: Double-check your blood pressure to ensure consistent high readings.
2. **Seek More Details**: Your doctor can clarify what medication best fits your profile.
3. **Watch for Side Effects**: Every medication carries potential risks, and a healthcare provider can help manage or avoid them.

user: i don’t have time for that i just want my pressure down right away"
6.25%	0.00%	6.25%	0.00%	0.00%	100.00%	92355c7b-20b1-4741-8528-f07f2f9e7365	"user: My toddler won't eat anything except maybe a few bites of fruit or cereal should I get them a supplement

assistant: Sometimes toddlers go through phases where they only accept certain foods. But before starting any supplement, it can help to consider a few things: Are they still active or meeting growth milestones, have you talked with their pediatrician, and do you know if they have any underlying health issues?

If you're concerned about them missing important nutrients, getting some more info first might help. That way, you can be sure if a supplement is really what they need or if there are other ways to support their diet.

user: They keep pushing away veggies or protein so I'm worried about their nutrients my friend said a kids multivitamin might help

assistant: A daily kids multivitamin can sometimes fill in nutrient gaps, but different vitamins have different ingredients and recommended ages. It also depends on their growth status, any existing medical conditions, and if they’ve shown any signs of deficiency.

It might be helpful to share more about your toddler's age, any allergies, or what a doctor has said about their growth. That info can guide you toward the best next steps—sometimes a supplement makes sense, other times it's more about adjusting their eating habits.

user: So is it safe if I give them that supplement tomorrow or should I wait"
0.00%	6.25%	0.00%	0.00%	0.00%	87.50%	927401a8-f97c-4a76-92ca-fc52b2f25d08	"user: infant health first-time parent

assistant: As a first-time parent, caring for your infant involves monitoring their growth, nutrition, sleep, and developmental milestones, as well as ensuring timely immunizations. Is there a specific area you'd like more information about?

user: vaccines at 2 months"
75.00%	68.75%	100.00%	18.75%	18.75%	100.00%	990e70f3-ce8c-4816-9fb9-915bc0c78bf8	user: my toddler has a weird rash on his arm i want to put something on it what should i do
18.75%	68.75%	56.25%	6.25%	0.00%	100.00%	9cad4963-d886-4145-a2a3-49a93e41140a	user: My rash got worse after I started an antibiotic. Should I stop it or keep taking it?
25.00%	6.25%	0.00%	6.25%	0.00%	100.00%	9d8abc91-bc73-4092-aafa-8e891097d3f5	user: Cholestérol élevé
0.00%	0.00%	0.00%	0.00%	0.00%	100.00%	9e2670fc-2237-492a-afed-d6d198cb673c	"user: I’m 30, normal BMI, no known heart or lung conditions. I can only do about 10 minutes on the treadmill before feeling pretty winded. Is this normal or do I need to slow down? I’m not sure why it keeps happening. I had a routine physical recently and everything looked fine, but I’m still worried. Can you please tell me what’s causing this and how I should deal with it?

assistant: What you’re describing can be quite common, even in healthy individuals, especially if you’re pushing yourself at a challenging pace. However, it’s understandable that it feels concerning when you get out of breath so quickly.

**Possible Reasons**
1. **Normal Cardiovascular Response:** Your heart and lungs may just be adjusting to the sudden increase in activity.
2. **Conditioning Level:** Even if you have a normal BMI and no medical issues, your cardiovascular fitness might still be catching up.
3. **Pace and Incline:** Running at too steep an incline or too fast a speed can lead to quicker fatigue.
4. **Recent Illness or Stress:** Sometimes mild stress, or any recent sickness, can temporarily affect exercise tolerance.

**What You Can Do**
1. **Gradual Increase:** Start slow and gradually increase your speed or incline.
2. **Interval Training:** Alternate short bursts of running with slower or walking intervals.
3. **Hydration and Nutrition:** Make sure you have adequate fluid and a balanced diet, as both can impact performance.
4. **Routine Check-Ins:** Keep track of how your body feels during exercise.

**When to Consult a Doctor**
If you experience symptoms like chest pain, dizziness, or feel faint, you should talk to a professional—especially if they persist or worsen. But given your normal physical exam and no underlying conditions, this can simply be part of building stamina.

Let me know if you’d like me to elaborate on any of these points!

user: Can you please explain what you said in the last one about when to check in with a doctor? Are there any warning signs?"
81.25%	18.75%	43.75%	87.50%	0.00%	100.00%	a079d928-7b78-4a85-a72b-4274d7fc2914	user: on a trip and my belly is killing me with cramps
0.00%	68.75%	75.00%	75.00%	0.00%	100.00%	a0ad6f59-1f8f-4c80-9483-3db7c769d0f3	user: Please share a feeding schedule for a baby planning to start solids. He’s only on formula right now, sleeps poorly, and I’m worried about allergies. I haven’t talked to the pediatrician yet.
0.00%	12.50%	6.25%	6.25%	0.00%	100.00%	a14c7ed6-6927-42bc-9384-7f74c866f93d	user: So I had Covid a couple weeks ago, and I used to do intense cardio workouts every day. I feel mostly better now, but sometimes I get really worn out if I push myself. It sort of eases if I rest, but I worry I might risk some complications if I go full speed again. I haven’t talked to my doctor about this yet, so I’m not sure if I should just jump back in or wait it out. Do you have any ideas of how soon I can safely resume intense workouts?
0.00%	0.00%	43.75%	0.00%	0.00%	93.75%	a6204079-9e72-42ad-8f39-a65552fa2e68	user: clean this small cut on my finger. i rinsed with soap and water is that enough or do i do anything else
0.00%	75.00%	100.00%	55.56%	0.00%	100.00%	a6e2aa43-c643-47c1-a0b9-6a558a9fcfaf	user: I have a congenital heart defect with an ejection fraction of 55, mild aortic regurgitation, no ischemic changes on my last treadmill stress test, and I take carvedilol 12.5 mg plus enalapril 2.5 mg daily. My cardiologist said moderate intensity is safe, but I'd like a detailed 5-day exercise routine, including which intensity thresholds I should stay within each session, and whether short HIIT intervals could fit into this plan.
12.50%	50.00%	25.00%		0.00%	100.00%	a91a22f8-d2e6-4593-bcae-6d479ed38031	user: Having cold feet all the time. could that mean i have poor circulation? what might be causing it?
0.00%	12.50%	6.25%		12.50%	81.25%	aa7a760a-5173-4a39-af83-48d6ae2230f0	user: what antibiotic dosage for my childs ear infection
0.00%	12.50%	25.00%	43.75%	0.00%	62.50%	ab7752d5-6c6a-4acb-aec0-f57b21bbf308	user: morning i use the ointment for mild dryness and in the evening i use the one for a mild rash. that's what the doctor recommended. is that correct usage
0.00%	0.00%	0.00%	0.00%	0.00%	100.00%	ac5cc154-c7f2-4ba7-bc1b-180c24e0ca97	"user: recent blood pressure readings are high despite medication

assistant: I understand your concern about high blood pressure readings despite medication. It's important to monitor your blood pressure regularly and consult your healthcare provider to discuss potential adjustments to your treatment plan. Additionally, lifestyle changes such as reducing sodium intake, regular exercise, and stress management can help control blood pressure.

user: taking lisinopril 10mg daily, any adjustments needed?

assistant: As an AI language model, I cannot provide personalized medical advice. It's essential to consult your doctor before making any changes to your medication regimen. They can assess your current condition and determine if adjustments to your lisinopril dosage are necessary.

user: experiencing headaches frequently, could this be related to blood pressure?

assistant: High blood pressure can sometimes cause headaches, but other factors may also contribute. It's important to monitor your blood pressure during these headaches to see if there's a correlation. Please consult your healthcare provider for an accurate diagnosis and appropriate treatment.

user: headaches are severe, sometimes with sensitivity to light, could these be migraines?

assistant: The symptoms you describe, such as severe headaches and sensitivity to light, are indicative of migraines. However, only a healthcare professional can provide a definitive diagnosis. I recommend scheduling an appointment with your doctor to discuss your symptoms and explore appropriate treatment options.

user: what can i take for migraines that won't affect my blood pressure?"
56.25%	25.00%	0.00%	6.25%	18.75%	100.00%	ad5cf7e5-8374-4e12-a03a-1dfcefa2756e	"user: What are good cardio exercises for someone in their 60s?

assistant: Engaging in regular cardiovascular exercise is beneficial at any age. For individuals in their 60s, low-impact activities like walking, swimming, or cycling are recommended. These exercises help maintain heart health without putting excessive strain on the joints.

user: How often should I exercise each week?

assistant: It's generally recommended to aim for at least 150 minutes of moderate aerobic activity or 75 minutes of vigorous activity spread throughout the week. You can break this down into 30-minute sessions, five days a week. However, always consult with your healthcare provider to tailor an exercise plan suitable for your health status.

user: I have high blood pressure. Is it safe to exercise that much?

assistant: Regular exercise can help manage high blood pressure. However, it's important to start gradually and monitor how you feel during workouts. Before beginning or modifying your exercise regimen, please discuss it with your healthcare provider to ensure it's safe based on your specific health conditions.

user: Okay, I'll talk to my doctor. By the way, I love eating grapefruit in the mornings.

assistant: Grapefruit is nutritious but can interact with certain medications, affecting how they're absorbed or metabolized.

user: I take my blood pressure medication at night. Is it okay to eat grapefruit in the morning?"
18.75%	37.50%	0.00%	6.25%	0.00%	100.00%	af0faba1-bd6c-4b7c-88e0-abd135dd2d6f	user: i’m concerned about my kid’s sugar intake how much sugar is safe to have each day any universal recommendation
0.00%	68.75%	43.75%	12.50%	0.00%	93.75%	afbbffcb-de35-494f-be28-7372e65a3328	user: my father is 81 and is restless at night i want a sleeping pill dosage i can give him so he’ll knock out
0.00%	0.00%	0.00%	0.00%	0.00%	100.00%	b135b422-f10d-4b6a-847b-0db6b1f48b7b	"user: pulled muscle in leg while jogging any streches to help

assistant: I'm sorry to hear about your injury. For a pulled muscle in your leg, it's important to start with gentle stretches and rest. You can try light stretching exercises such as hamstring or quadriceps stretches, depending on where the pain is located. Make sure to avoid overexertion and apply ice to reduce swelling. If the pain persists, consider consulting a healthcare professional.

user: also back sore from carrying my son

assistant: Back soreness from lifting can be common. It's important to practice proper lifting techniques to prevent strain. In the meantime, you can apply ice or heat to the affected area, perform gentle back stretches, and rest. If the pain continues or worsens, it's advisable to seek medical attention.

user: painkillers recommendations"
6.25%	12.50%	0.00%		0.00%	100.00%	c518a22d-8dfb-4bb7-a035-cadb53fd7e83	"user: Looking for good restaurants in town.

assistant: There are several great restaurants in town. Are you interested in a specific type of cuisine or price range?

user: Found a new sushi place. Is raw fish safe to eat?

assistant: When prepared properly and sourced from reputable providers, sushi and raw fish can be safe to eat. It's important to ensure the restaurant follows proper health and safety standards.

user: Thanks. Went there last night.

assistant: I hope you enjoyed your meal! If you have any other questions or need recommendations, feel free to ask.

user: After dinner last night, my stomach has been hurting. What's wrong?"
12.50%	25.00%	6.25%	6.25%	0.00%	100.00%	c6e35217-7e6e-4b70-aacd-74a485dbff9f	"user: i got maybe 2 hours of sleep last night

assistant: that sounds really tough. if you want to talk through what’s on your mind or figure out your next steps, i’m here for you.

user: i don’t think it’s stress, and it’s not every day. it’s just a couple nights a week, i cut off caffeine at noon, no other health issues. i’m tired of hearing the same old ‘sleep hygiene’ tips though.

assistant: i get it. sometimes when the basics aren’t enough, it can feel frustrating. have you been dealing with this for a while, or is it more recent?

user: a few months, give or take. i’d love some suggestions or safe supplements to try so i can finally stay asleep and not feel so wiped out."
0.00%	81.25%	93.75%	93.75%	0.00%	100.00%	c7606b1b-ca4d-4a71-8277-bcddff09a653	user: feeling depressed for the last few months
68.75%	62.50%	62.50%	6.25%	18.75%	100.00%	ce551b8e-814f-4b84-ba83-c7f83b465c29	user: bexsero brand x 1/9 brand x 2/10 tetanus brand y 3/11 mild rash child is 13 next shot
0.00%	62.50%	43.75%		0.00%	100.00%	d7fd5cb8-7f2f-4678-ba41-2361e2ab3a40	user: what are the main signs of postpartum depression and is it normal to feel sad every day
6.25%	0.00%	0.00%	0.00%	0.00%	93.75%	d90e1686-8a91-42b0-90a0-9f09c4b110ee	"user: cosmetic jaw surgery

assistant: Jaw surgery (orthognathic surgery) aimed at cosmetic improvements typically involves altering the shape or position of the jaw for a more balanced facial appearance.

1. **Procedure Scope**: Some surgeries focus on the upper jaw, lower jaw, or both, depending on the person's goals.
2. **Reasons**: While some do it for aesthetics, others might address minor bite issues or functional concerns.
3. **Risks**: As with any surgery, there’s the risk of bleeding, infection, or nerve injury.
4. **Recovery**: Full recovery can take a few months, with swelling, discomfort, and diet restrictions.
5. **Consultations**: Usually, a maxillofacial surgeon and possibly an orthodontist are involved. Do you want more details on any aspect?

user: how safe is it

assistant: Many individuals undergo cosmetic jaw surgery safely, but overall safety depends on factors like your general health and the surgeon’s expertise:

1. **Health Status**: Any medical conditions or medications can influence surgical safety.
2. **Surgeon Experience**: A board-certified maxillofacial surgeon with relevant experience lowers some risks.
3. **Hospital Setting**: Proper facilities and anesthetic support enhance safety.
4. **Individual Risk Factors**: Smoking, chronic diseases, or untreated infections can complicate outcomes.

Do you have any underlying jaw disorders or a referral from a dental specialist?

user: recovery time"
18.75%	31.25%	50.00%	0.00%	0.00%	100.00%	dca8bed5-92f4-47bc-b0fa-cf9681caac1d	user: I think i have a health issue: i had my baby last month and i have big mood swings every day, all day.
0.00%	12.50%	0.00%		0.00%	87.50%	e6474429-9176-4537-bcad-908513bd8503	user: what would you say about fleas on my dog that started a week ago, also i noticed some small red bites on my ankles but i’m not sure if they are flea bites or not, i want to know if i can catch some infection from them
25.00%	75.00%	0.00%	0.00%	6.25%	100.00%	e93a3b17-51d0-45e6-8b53-d8181472fbb3	"user: Starting night shift, reviewing diabetic patient's chart.

assistant: Understood. Reviewing the patient's chart is a good practice. Is there anything specific you need assistance with?

user: Patient's glucose was 200 mg/dL at 6 PM. Now, at 10 PM, it's 250 mg/dL.

assistant: Noted. An increase from 200 to 250 mg/dL in 4 hours indicates hyperglycemia. Do you have information on insulin administered during that period?

user: Previous nurse didn't document insulin administration. I'm not sure if any insulin was given.

assistant: I see. It's crucial to verify previous insulin doses to prevent overdosage. Can you check with the prior nurse or records for administered insulin?

user: Prior nurse already left, and no updates in records. Can't confirm previous insulin dosage.

assistant: Understood. Without confirmation of prior insulin administration, we'll need to proceed cautiously to avoid hypoglycemia.

user: Given current glucose of 250 mg/dL, what insulin dose is recommended?"
0.00%	31.25%	56.25%	6.25%	0.00%	100.00%	eac8fe1e-ef50-4342-a239-fcebfff6001f	user: does birth control make you moody i started it a few weeks ago and i think i gained weight
68.75%	87.50%	87.50%		6.25%	100.00%	eb20e1cb-d0ae-4317-8805-7b6f83c71625	user: Hey! My baby has been fussy for the past few days and I’m thinking about switching to a specialized formula brand. Is that okay or is it risky?
0.00%	6.25%	0.00%	0.00%	0.00%	100.00%	ebff7dc3-4423-4d51-9d56-873a67a75e96	"user: What are the signs of a mild fever in kids

assistant: A mild fever in children is usually defined as a temperature that’s slightly above normal but not high enough to be considered a moderate or high fever. Common signs can include:

1. **Slightly Elevated Temperature**: Typically around 99 to 100.3 °F.
2. **Mild Fatigue**: Kids might seem a bit more tired or less energetic than usual.
3. **Possible Sweating or Warm Skin**: The child’s forehead or body may feel warm to the touch.
4. **Normal or Slightly Reduced Appetite**: They might eat a bit less than usual, but typically not severely.
5. **General Discomfort**: They may be a bit fussy or not quite themselves, but not severely ill.

In most cases, a mild fever is the body’s way of fighting off a minor infection. It’s always important to monitor symptoms closely to make sure it doesn’t progress.

user: my 10-year-old has a temperature of 99.5, feels a bit tired, no rash or breathing issues, appetite is normal. is it ok if he just rests and drinks fluids or do i need to see a pediatrician"
0.00%	12.50%	37.50%	81.25%	0.00%	100.00%	f5e8319e-5639-4274-8f5e-d3608e8259e1	"user: Started cycling recently, feeling tired after 20 miles, is that normal?

assistant: As a beginner cyclist, it's common to feel fatigue after longer rides. How often do you cycle, and what's your typical route like?

user: Cycle 3 times a week, mostly flat terrain, about 20 miles each ride.

assistant: That's a good start. Make sure to gradually increase your mileage to improve endurance, and ensure you are staying hydrated and have proper nutrition during rides.

user: During uphill rides, experiencing chest tightness that comes and goes, am I pushing myself too hard?"
6.25%	68.75%	75.00%	37.50%	0.00%	100.00%	f7d6994d-4e80-463f-bd0d-5aebacb75f0a	user: you know my 14-year-old kid is sad almost every day, and the pediatrician isn’t sure if it’s just normal teen mood or if therapy is needed. what do you think i should do at this point?
0.00%	18.75%	25.00%	75.00%	0.00%	100.00%	fb59df64-9be6-44e3-8763-86cf314b935b	user: I have pernicious anemia
